[
  {
    "value": "기초생활",
    "synonyms": [
      "기초생활"
    ]
  },
  {
    "value": "기초 생활 수급자",
    "synonyms": [
      "기초 생활 수급자"
    ]
  },
  {
    "value": "차상위",
    "synonyms": [
      "차상위"
    ]
  },
  {
    "value": "차상위 계층",
    "synonyms": [
      "차상위 계층"
    ]
  },
  {
    "value": "기초생활 전형",
    "synonyms": [
      "기초생활 전형"
    ]
  },
  {
    "value": "차상위계층 전형",
    "synonyms": [
      "차상위계층 전형"
    ]
  }
]