[
  {
    "value": "불교",
    "synonyms": [
      "불교"
    ]
  },
  {
    "value": "불교추천",
    "synonyms": [
      "불교추천"
    ]
  },
  {
    "value": "불교 추천 인재",
    "synonyms": [
      "불교 추천 인재"
    ]
  },
  {
    "value": "불교 추천인재",
    "synonyms": [
      "불교 추천인재"
    ]
  },
  {
    "value": "불교 인재",
    "synonyms": [
      "불교 인재"
    ]
  },
  {
    "value": "불교인재",
    "synonyms": [
      "불교인재"
    ]
  },
  {
    "value": "불교 추천전형",
    "synonyms": [
      "불교 추천전형"
    ]
  },
  {
    "value": "불교 추천인재 전형",
    "synonyms": [
      "불교 추천인재 전형"
    ]
  },
  {
    "value": "불교전형",
    "synonyms": [
      "불교전형"
    ]
  },
  {
    "value": "불교 전형",
    "synonyms": [
      "불교 전형"
    ]
  }
]