[
  {
    "value": "두드림 소프트웨어",
    "synonyms": [
      "두드림 소프트웨어"
    ]
  },
  {
    "value": "두드림 소프트",
    "synonyms": [
      "두드림 소프트"
    ]
  },
  {
    "value": "두 드림 소프트",
    "synonyms": [
      "두 드림 소프트"
    ]
  },
  {
    "value": "do dream soft",
    "synonyms": [
      "do dream soft"
    ]
  },
  {
    "value": "do dream software",
    "synonyms": [
      "do dream software"
    ]
  },
  {
    "value": "dodream soft",
    "synonyms": [
      "dodream soft"
    ]
  },
  {
    "value": "dodream software",
    "synonyms": [
      "dodream software"
    ]
  }
]