[
  {
    "value": "농어촌학생 재학 거주 인정 기준",
    "synonyms": [
      "농어촌학생 재학 거주 인정 기준"
    ]
  },
  {
    "value": "농어촌 인정 기준",
    "synonyms": [
      "농어촌 인정 기준"
    ]
  },
  {
    "value": "재학 거주 인정 기준",
    "synonyms": [
      "재학 거주 인정 기준"
    ]
  },
  {
    "value": "재학 거주 기준",
    "synonyms": [
      "재학 거주 기준"
    ]
  },
  {
    "value": "재학 기준",
    "synonyms": [
      "재학 기준"
    ]
  },
  {
    "value": "거주 기준",
    "synonyms": [
      "거주 기준"
    ]
  }
]