[
  {
    "value": "재외국민",
    "synonyms": [
      "재외국민"
    ]
  },
  {
    "value": "외국인",
    "synonyms": [
      "외국인"
    ]
  },
  {
    "value": "재외국민 특별전형",
    "synonyms": [
      "재외국민 특별전형",
      "재외국민"
    ]
  },
  {
    "value": "외국인 특별전형",
    "synonyms": [
      "외국인 특별전형",
      "외국인"
    ]
  },
  {
    "value": "재외국민 외국인 특별전형",
    "synonyms": [
      "재외국민 외국인 특별전형"
    ]
  },
  {
    "value": "특별전형",
    "synonyms": [
      "특별전형"
    ]
  },
  {
    "value": "외국전형",
    "synonyms": [
      "외국전형"
    ]
  },
  {
    "value": "외국 전형",
    "synonyms": [
      "외국 전형"
    ]
  },
  {
    "value": "특별 전형",
    "synonyms": [
      "특별 전형"
    ]
  },
  {
    "value": "외국인특별전형",
    "synonyms": [
      "외국인특별전형"
    ]
  },
  {
    "value": "재외국민특별전형",
    "synonyms": [
      "재외국민특별전형"
    ]
  },
  {
    "value": "특별",
    "synonyms": [
      "특별"
    ]
  }
]