[
  {
    "value": "지원자격 유의사항",
    "synonyms": [
      "지원자격 유의사항"
    ]
  },
  {
    "value": "유의사항",
    "synonyms": [
      "유의사항"
    ]
  },
  {
    "value": "지원자격",
    "synonyms": [
      "지원자격"
    ]
  },
  {
    "value": "지원 자격",
    "synonyms": [
      "지원 자격"
    ]
  },
  {
    "value": "유의 사항",
    "synonyms": [
      "유의 사항"
    ]
  },
  {
    "value": "지원 자격 유의사항",
    "synonyms": [
      "지원 자격 유의사항",
      "지원가격 유의 사항"
    ]
  }
]