[
  {
    "value": "수능",
    "synonyms": [
      "수능"
    ]
  },
  {
    "value": "대학수학능력시험",
    "synonyms": [
      "대학수학능력시험",
      "대학 수학 능력 시험",
      "대학수학 능력 시험",
      "대학 수학능력시험",
      "대학 수학능력 시험",
      "대학수학 능력시험"
    ]
  },
  {
    "value": "수학시험",
    "synonyms": [
      "수학시험"
    ]
  },
  {
    "value": "시험",
    "synonyms": [
      "시험"
    ]
  }
]