[
  {
    "value": "특성화고교",
    "synonyms": [
      "특성화고교"
    ]
  },
  {
    "value": "특성화고",
    "synonyms": [
      "특성화고"
    ]
  },
  {
    "value": "특성화고교 졸업자 전형",
    "synonyms": [
      "특성화고교 졸업자 전형"
    ]
  },
  {
    "value": "특성화 졸업자 전형",
    "synonyms": [
      "특성화 졸업자 전형"
    ]
  },
  {
    "value": "특고 졸업자 전형",
    "synonyms": [
      "특고 졸업자 전형"
    ]
  },
  {
    "value": "특성화 고교 전형",
    "synonyms": [
      "특성화 고교 전형"
    ]
  }
]