[
  {
    "value": "특성화고교 졸업자 동일 계열 기준 학과",
    "synonyms": [
      "특성화고교 졸업자 동일 계열 기준 학과"
    ]
  },
  {
    "value": "동일계열 기준학과",
    "synonyms": [
      "동일계열 기준학과"
    ]
  },
  {
    "value": "동일계열",
    "synonyms": [
      "동일계열"
    ]
  },
  {
    "value": "기준학과",
    "synonyms": [
      "기준학과"
    ]
  },
  {
    "value": "특성화고교 동일계열 기준학과",
    "synonyms": [
      "특성화고교 동일계열 기준학과"
    ]
  }
]