[
  {
    "value": "특수교육",
    "synonyms": [
      "특수교육"
    ]
  },
  {
    "value": "특수 전형",
    "synonyms": [
      "특수 전형"
    ]
  },
  {
    "value": "특수교육 대상자",
    "synonyms": [
      "특수교육 대상자"
    ]
  },
  {
    "value": "특수교육 전형",
    "synonyms": [
      "특수교육 전형"
    ]
  },
  {
    "value": "특수 교육 대상자",
    "synonyms": [
      "특수 교육 대상자"
    ]
  },
  {
    "value": "특수 대상자 전형",
    "synonyms": [
      "특수 대상자 전형"
    ]
  }
]