[
  {
    "id": "55c1d3e5-d85c-4826-bdc7-b5638a7da212",
    "data": [
      {
        "text": "전년도 경쟁률",
        "meta": "@competition",
        "alias": "competition",
        "userDefined": false
      }
    ],
    "isTemplate": false,
    "count": 0,
    "lang": "en",
    "updated": 0
  },
  {
    "id": "0dbd3696-f9ea-42fd-817e-b504890633a8",
    "data": [
      {
        "text": "작년도 ",
        "userDefined": false
      },
      {
        "text": "경쟁률",
        "meta": "@competition",
        "alias": "competition",
        "userDefined": false
      }
    ],
    "isTemplate": false,
    "count": 0,
    "lang": "en",
    "updated": 0
  },
  {
    "id": "40fc9753-7394-4544-bea4-120ce7197588",
    "data": [
      {
        "text": "작년 경쟁률",
        "meta": "@competition",
        "alias": "competition",
        "userDefined": false
      }
    ],
    "isTemplate": false,
    "count": 0,
    "lang": "en",
    "updated": 0
  },
  {
    "id": "91642a0d-1ff7-46f1-92cf-88141e2f0fd8",
    "data": [
      {
        "text": "경쟁률",
        "meta": "@competition",
        "alias": "competition",
        "userDefined": false
      }
    ],
    "isTemplate": false,
    "count": 0,
    "lang": "en",
    "updated": 0
  }
]