[
  {
    "id": "ea0a671d-cd4f-419b-9011-1b4b7528a3b9",
    "data": [
      {
        "text": "서류평가",
        "meta": "@document",
        "alias": "document",
        "userDefined": false
      }
    ],
    "isTemplate": false,
    "count": 0,
    "lang": "en",
    "updated": 0
  },
  {
    "id": "04b3d911-2b13-42c3-89d3-70be5ffb4418",
    "data": [
      {
        "text": "서류종합평가",
        "meta": "@document",
        "alias": "document",
        "userDefined": false
      }
    ],
    "isTemplate": false,
    "count": 0,
    "lang": "en",
    "updated": 0
  },
  {
    "id": "4ebfbea2-efad-4865-a443-36240697733b",
    "data": [
      {
        "text": "서류 종합평가",
        "meta": "@document",
        "alias": "document",
        "userDefined": false
      }
    ],
    "isTemplate": false,
    "count": 0,
    "lang": "en",
    "updated": 0
  },
  {
    "id": "05622f2e-74fc-4745-9dcb-b42c26a9fbc8",
    "data": [
      {
        "text": "서류종합 평가",
        "meta": "@document",
        "alias": "document",
        "userDefined": false
      }
    ],
    "isTemplate": false,
    "count": 0,
    "lang": "en",
    "updated": 0
  }
]