[
  {
    "id": "2f866312-f7cf-417e-8497-0402c793aa84",
    "data": [
      {
        "text": "그외질문",
        "userDefined": false
      }
    ],
    "isTemplate": false,
    "count": 0,
    "lang": "en",
    "updated": 0
  },
  {
    "id": "5c862995-0c2f-4c99-9659-7b860eee7f87",
    "data": [
      {
        "text": "그외 질문",
        "userDefined": false
      }
    ],
    "isTemplate": false,
    "count": 0,
    "lang": "en",
    "updated": 0
  },
  {
    "id": "52e27260-7d62-4f80-b4ed-e9d3d33f8e19",
    "data": [
      {
        "text": "그 외 질문",
        "userDefined": false
      }
    ],
    "isTemplate": false,
    "count": 0,
    "lang": "en",
    "updated": 0
  },
  {
    "id": "bac73999-3d1d-4576-a6e6-7c0200986fbe",
    "data": [
      {
        "text": "그외",
        "userDefined": false
      }
    ],
    "isTemplate": false,
    "count": 0,
    "lang": "en",
    "updated": 0
  },
  {
    "id": "83f71bc8-9207-400e-9b1b-514ad9622de0",
    "data": [
      {
        "text": "그 외",
        "userDefined": false
      }
    ],
    "isTemplate": false,
    "count": 0,
    "lang": "en",
    "updated": 0
  }
]