[
  {
    "id": "e0ac2497-4fd8-4cb0-bde6-e02e4403e0ff",
    "data": [
      {
        "text": "모집요강",
        "meta": "@entire",
        "alias": "entire",
        "userDefined": false
      }
    ],
    "isTemplate": false,
    "count": 0,
    "lang": "en",
    "updated": 0
  },
  {
    "id": "5319e411-23ae-4be7-82d6-0803c60bd29d",
    "data": [
      {
        "text": "전체 모집",
        "meta": "@entire",
        "alias": "entire",
        "userDefined": true
      }
    ],
    "isTemplate": false,
    "count": 0,
    "lang": "en",
    "updated": 0
  },
  {
    "id": "095314b4-8520-4917-b7c4-75105d199b1a",
    "data": [
      {
        "text": "전체요강",
        "meta": "@entire",
        "alias": "entire",
        "userDefined": true
      }
    ],
    "isTemplate": false,
    "count": 0,
    "lang": "en",
    "updated": 0
  },
  {
    "id": "a20dec89-f044-4dc1-900d-e61c1add1569",
    "data": [
      {
        "text": "전체 모집 요강",
        "meta": "@entire",
        "alias": "entire",
        "userDefined": false
      }
    ],
    "isTemplate": false,
    "count": 0,
    "lang": "en",
    "updated": 0
  }
]