[
  {
    "id": "e703bc36-3f64-4650-9642-fbf87391f645",
    "data": [
      {
        "text": "농어촌학생 재학 거주 인정기준",
        "meta": "@farm_standard",
        "alias": "farm_standard",
        "userDefined": false
      }
    ],
    "isTemplate": false,
    "count": 0,
    "lang": "en",
    "updated": 0
  },
  {
    "id": "deeaba66-29e9-422e-a721-c8166a5693d9",
    "data": [
      {
        "text": "재학 거주 기준",
        "meta": "@farm_standard",
        "alias": "farm_standard",
        "userDefined": false
      },
      {
        "text": " 알려줘",
        "userDefined": false
      }
    ],
    "isTemplate": false,
    "count": 0,
    "lang": "en",
    "updated": 0
  },
  {
    "id": "ee8924f5-ca45-428e-b4f9-933f856226a9",
    "data": [
      {
        "text": "재학 거주 기준",
        "meta": "@farm_standard",
        "alias": "farm_standard",
        "userDefined": false
      },
      {
        "text": " 보여줘",
        "userDefined": false
      }
    ],
    "isTemplate": false,
    "count": 0,
    "lang": "en",
    "updated": 0
  },
  {
    "id": "dcd8b5a6-3b3b-451c-a8e8-9a45f51f832f",
    "data": [
      {
        "text": "거주 기준",
        "meta": "@farm_standard",
        "alias": "farm_standard",
        "userDefined": false
      },
      {
        "text": " 보여줘",
        "userDefined": false
      }
    ],
    "isTemplate": false,
    "count": 0,
    "lang": "en",
    "updated": 0
  },
  {
    "id": "b220b20d-4e97-4de8-b159-e82aca82aa63",
    "data": [
      {
        "text": "거주 기준",
        "meta": "@farm_standard",
        "alias": "farm_standard",
        "userDefined": false
      },
      {
        "text": " 알려줘",
        "userDefined": false
      }
    ],
    "isTemplate": false,
    "count": 0,
    "lang": "en",
    "updated": 0
  },
  {
    "id": "ab8f6be6-5cca-4ce0-b037-98563bf35564",
    "data": [
      {
        "text": "농어촌 인정 기준",
        "meta": "@farm_standard",
        "alias": "farm_standard",
        "userDefined": false
      },
      {
        "text": " 알려줘",
        "userDefined": false
      }
    ],
    "isTemplate": false,
    "count": 0,
    "lang": "en",
    "updated": 0
  },
  {
    "id": "a47c5c08-f9ff-4294-84ef-7f1df6e128fd",
    "data": [
      {
        "text": "재학 기준",
        "meta": "@farm_standard",
        "alias": "farm_standard",
        "userDefined": false
      }
    ],
    "isTemplate": false,
    "count": 0,
    "lang": "en",
    "updated": 0
  },
  {
    "id": "36aab2ec-6a0c-4ed9-b07c-d4df6562c624",
    "data": [
      {
        "text": "농어촌 학생",
        "meta": "@farm_standard",
        "alias": "farm_standard",
        "userDefined": false
      }
    ],
    "isTemplate": false,
    "count": 0,
    "lang": "en",
    "updated": 0
  },
  {
    "id": "4542d52d-d3ef-433a-8d98-3d088ff5fa17",
    "data": [
      {
        "text": "농어촌 학생 인정 기준",
        "meta": "@farm_standard",
        "alias": "farm_standard",
        "userDefined": false
      },
      {
        "text": " 보여줘",
        "userDefined": false
      }
    ],
    "isTemplate": false,
    "count": 0,
    "lang": "en",
    "updated": 0
  }
]