[
  {
    "id": "3b64ed93-9de6-4191-8d09-7f5e173205e6",
    "data": [
      {
        "text": "특별 전형",
        "meta": "@foreign",
        "alias": "foreign",
        "userDefined": false
      },
      {
        "text": " 보여줘",
        "userDefined": false
      }
    ],
    "isTemplate": false,
    "count": 0,
    "lang": "en",
    "updated": 0
  },
  {
    "id": "de8f7d58-1126-4090-9d81-28e3db6373c8",
    "data": [
      {
        "text": "특별",
        "meta": "@foreign",
        "alias": "foreign",
        "userDefined": false
      }
    ],
    "isTemplate": false,
    "count": 0,
    "lang": "en",
    "updated": 0
  },
  {
    "id": "b27ea70d-8d38-4cb0-b026-e64120505ced",
    "data": [
      {
        "text": "재외국민 특별전형",
        "meta": "@foreign",
        "alias": "foreign",
        "userDefined": false
      },
      {
        "text": " 알려줘",
        "userDefined": false
      }
    ],
    "isTemplate": false,
    "count": 0,
    "lang": "en",
    "updated": 0
  },
  {
    "id": "a992000c-bf2f-4bbc-83fd-3aa88bef5ff8",
    "data": [
      {
        "text": "외국인 특별전형",
        "meta": "@foreign",
        "alias": "foreign",
        "userDefined": false
      },
      {
        "text": " 보여줘",
        "userDefined": false
      }
    ],
    "isTemplate": false,
    "count": 0,
    "lang": "en",
    "updated": 0
  },
  {
    "id": "a8119986-75bb-4a15-a749-cb5802a0d547",
    "data": [
      {
        "text": "특별전형",
        "meta": "@foreign",
        "alias": "foreign",
        "userDefined": false
      }
    ],
    "isTemplate": false,
    "count": 0,
    "lang": "en",
    "updated": 0
  },
  {
    "id": "1e0cca83-776b-4b16-bb74-c2d8f45788b5",
    "data": [
      {
        "text": "외국인",
        "meta": "@foreign",
        "alias": "foreign",
        "userDefined": false
      }
    ],
    "isTemplate": false,
    "count": 0,
    "lang": "en",
    "updated": 0
  },
  {
    "id": "b8b22907-0df3-4ab2-a938-4130ee69b850",
    "data": [
      {
        "text": "재외국민",
        "meta": "@foreign",
        "alias": "foreign",
        "userDefined": false
      }
    ],
    "isTemplate": false,
    "count": 0,
    "lang": "en",
    "updated": 0
  }
]