[
  {
    "id": "207f7acc-e1a4-4213-82bb-1b8c7507c995",
    "data": [
      {
        "text": "재직기간 산정기준",
        "meta": "@incumbent_calculating",
        "alias": "incumbent_calculating",
        "userDefined": false
      }
    ],
    "isTemplate": false,
    "count": 0,
    "lang": "en",
    "updated": 0
  },
  {
    "id": "87d6df0e-f9d2-4359-9a39-29b91238b88e",
    "data": [
      {
        "text": "재직기간 산정기준",
        "meta": "@incumbent_calculating",
        "alias": "incumbent_calculating",
        "userDefined": false
      },
      {
        "text": " 알려줘",
        "userDefined": false
      }
    ],
    "isTemplate": false,
    "count": 0,
    "lang": "en",
    "updated": 0
  },
  {
    "id": "ae85e5f7-ffa5-4090-96b0-af66be334d0a",
    "data": [
      {
        "text": "재직자 재직기간",
        "meta": "@incumbent_calculating",
        "alias": "incumbent_calculating",
        "userDefined": false
      }
    ],
    "isTemplate": false,
    "count": 0,
    "lang": "en",
    "updated": 0
  },
  {
    "id": "07bfdf0f-e748-4cef-b7e5-d48bbc7dd05b",
    "data": [
      {
        "text": "재직기간",
        "meta": "@incumbent_calculating",
        "alias": "incumbent_calculating",
        "userDefined": false
      },
      {
        "text": " 보여줘",
        "userDefined": false
      }
    ],
    "isTemplate": false,
    "count": 0,
    "lang": "en",
    "updated": 0
  }
]