[
  {
    "id": "2dd6da1c-c039-45ab-b5cd-33a778f48217",
    "data": [
      {
        "text": "면접",
        "meta": "@interview",
        "alias": "interview",
        "userDefined": false
      }
    ],
    "isTemplate": false,
    "count": 0,
    "lang": "en",
    "updated": 0
  },
  {
    "id": "78f22f84-486c-4e8d-95e6-239c49bb1b8d",
    "data": [
      {
        "text": "인터뷰",
        "meta": "@interview",
        "alias": "interview",
        "userDefined": true
      }
    ],
    "isTemplate": false,
    "count": 0,
    "lang": "en",
    "updated": 0
  },
  {
    "id": "359abb07-13f6-4809-84a7-3c376e0fc277",
    "data": [
      {
        "text": "면접평가",
        "meta": "@interview",
        "alias": "interview",
        "userDefined": false
      },
      {
        "text": " 보여줘",
        "userDefined": false
      }
    ],
    "isTemplate": false,
    "count": 0,
    "lang": "en",
    "updated": 0
  },
  {
    "id": "38a64d9d-d4e9-4130-a799-c745561d4046",
    "data": [
      {
        "text": "면접 평가",
        "meta": "@interview",
        "alias": "interview",
        "userDefined": false
      }
    ],
    "isTemplate": false,
    "count": 0,
    "lang": "en",
    "updated": 0
  }
]