[
  {
    "id": "1ad399fd-adeb-4b08-bc9a-71b8bec71942",
    "data": [
      {
        "text": "특성화고교 졸업자 전형",
        "meta": "@specialized_school",
        "alias": "specialized_school",
        "userDefined": false
      }
    ],
    "isTemplate": false,
    "count": 0,
    "lang": "en",
    "updated": 0
  },
  {
    "id": "2c94789b-81cd-4350-b0d2-1dc53c252e8a",
    "data": [
      {
        "text": "특성화 졸업자",
        "meta": "@specialized_school",
        "alias": "specialized_school",
        "userDefined": true
      }
    ],
    "isTemplate": false,
    "count": 0,
    "lang": "en",
    "updated": 0
  },
  {
    "id": "4a65fec4-b8e7-4a70-8ac4-3f44b18fba79",
    "data": [
      {
        "text": "특성화고",
        "meta": "@specialized_school",
        "alias": "specialized_school",
        "userDefined": false
      },
      {
        "text": " 전형",
        "userDefined": false
      }
    ],
    "isTemplate": false,
    "count": 0,
    "lang": "en",
    "updated": 0
  },
  {
    "id": "0ba6153e-d947-4f1c-a097-4a5c66754502",
    "data": [
      {
        "text": "특성화고교",
        "meta": "@specialized_school",
        "alias": "specialized_school",
        "userDefined": false
      }
    ],
    "isTemplate": false,
    "count": 0,
    "lang": "en",
    "updated": 0
  },
  {
    "id": "5887f718-bd73-4002-ae3e-4876d7869222",
    "data": [
      {
        "text": "특성화",
        "meta": "@specialized_school",
        "alias": "specialized_school",
        "userDefined": true
      }
    ],
    "isTemplate": false,
    "count": 0,
    "lang": "en",
    "updated": 0
  }
]