[
  {
    "id": "0af73a21-078d-42bf-9704-476090792d14",
    "data": [
      {
        "text": "재직자 전형",
        "meta": "@incumbent",
        "alias": "incumbent",
        "userDefined": false
      }
    ],
    "isTemplate": false,
    "count": 0,
    "lang": "en",
    "updated": 0
  },
  {
    "id": "e4600348-26fc-442f-b02b-f19b0553b66c",
    "data": [
      {
        "text": "재직자",
        "meta": "@incumbent",
        "alias": "incumbent",
        "userDefined": false
      }
    ],
    "isTemplate": false,
    "count": 0,
    "lang": "en",
    "updated": 0
  }
]