[
  {
    "id": "0ebe4f02-1931-4ebe-bdae-6194e7b0bfb8",
    "data": [
      {
        "text": "농어촌",
        "meta": "@farming",
        "alias": "farming",
        "userDefined": false
      },
      {
        "text": "학생 전형",
        "userDefined": false
      }
    ],
    "isTemplate": false,
    "count": 0,
    "lang": "en",
    "updated": 0
  },
  {
    "id": "bbba361b-74e8-4bf2-80a5-d354afbf5735",
    "data": [
      {
        "text": "농어촌",
        "meta": "@farming",
        "alias": "farming",
        "userDefined": false
      },
      {
        "text": "학생",
        "userDefined": false
      }
    ],
    "isTemplate": false,
    "count": 0,
    "lang": "en",
    "updated": 0
  },
  {
    "id": "b9be2e81-412c-48ac-902a-25ba43ec13fb",
    "data": [
      {
        "text": "농어촌 전형",
        "meta": "@farming",
        "alias": "farming",
        "userDefined": false
      }
    ],
    "isTemplate": false,
    "count": 0,
    "lang": "en",
    "updated": 0
  },
  {
    "id": "fb1d0e1b-d4bf-449c-bba0-468e35b0d909",
    "data": [
      {
        "text": "농어촌",
        "meta": "@farming",
        "alias": "farming",
        "userDefined": false
      }
    ],
    "isTemplate": false,
    "count": 0,
    "lang": "en",
    "updated": 0
  }
]