[
  {
    "id": "b8fbdd07-11a1-45ae-95ab-a1a459fb7d09",
    "data": [
      {
        "text": "기초 수급자",
        "meta": "@basicliving",
        "alias": "basicliving",
        "userDefined": false
      },
      {
        "text": " 전형",
        "userDefined": false
      }
    ],
    "isTemplate": false,
    "count": 0,
    "lang": "en",
    "updated": 0
  },
  {
    "id": "43c62ac6-5541-4375-b846-322bd722b183",
    "data": [
      {
        "text": "차상위계층",
        "meta": "@basicliving",
        "alias": "basicliving",
        "userDefined": false
      }
    ],
    "isTemplate": false,
    "count": 0,
    "lang": "en",
    "updated": 0
  },
  {
    "id": "e2d34926-ae9a-4da6-bbe0-113798020289",
    "data": [
      {
        "text": "기초생활 수급자",
        "meta": "@basicliving",
        "alias": "basicliving",
        "userDefined": false
      }
    ],
    "isTemplate": false,
    "count": 0,
    "lang": "en",
    "updated": 0
  },
  {
    "id": "5ea1956a-a9a4-4518-b500-0806fc2a8fcc",
    "data": [
      {
        "text": "기초생활",
        "meta": "@basicliving",
        "alias": "basicliving",
        "userDefined": false
      }
    ],
    "isTemplate": false,
    "count": 0,
    "lang": "en",
    "updated": 0
  }
]