[
  {
    "id": "5abfa3de-648f-45ca-b991-1f9c8d8fbce0",
    "data": [
      {
        "text": "일반",
        "meta": "@normal",
        "alias": "normal",
        "userDefined": false
      }
    ],
    "isTemplate": false,
    "count": 0,
    "lang": "en",
    "updated": 0
  },
  {
    "id": "5fb1c49f-4d5b-4f48-b577-b2c0b743296e",
    "data": [
      {
        "text": "일반전형",
        "meta": "@normal",
        "alias": "normal",
        "userDefined": false
      }
    ],
    "isTemplate": false,
    "count": 0,
    "lang": "en",
    "updated": 0
  },
  {
    "id": "0e162e56-ad5a-4eba-899c-81b61ac6dbe3",
    "data": [
      {
        "text": "일반 전형",
        "meta": "@normal",
        "alias": "normal",
        "userDefined": false
      }
    ],
    "isTemplate": false,
    "count": 0,
    "lang": "en",
    "updated": 0
  }
]