[
  {
    "id": "a52558e3-bf82-4ebc-9a72-129c176db610",
    "data": [
      {
        "text": "유의사항",
        "meta": "@note",
        "alias": "note",
        "userDefined": false
      },
      {
        "text": " 보여줘",
        "userDefined": false
      }
    ],
    "isTemplate": false,
    "count": 0,
    "lang": "en",
    "updated": 0
  },
  {
    "id": "f70bfc10-69da-4e64-b03e-72535913fda3",
    "data": [
      {
        "text": "지원자격 유의사항",
        "meta": "@note",
        "alias": "note",
        "userDefined": false
      },
      {
        "text": " 보여줘",
        "userDefined": false
      }
    ],
    "isTemplate": false,
    "count": 0,
    "lang": "en",
    "updated": 0
  },
  {
    "id": "738e7a4a-0dad-4e30-b774-0c5c4d51c3be",
    "data": [
      {
        "text": "유의사항",
        "meta": "@note",
        "alias": "note",
        "userDefined": false
      }
    ],
    "isTemplate": false,
    "count": 0,
    "lang": "en",
    "updated": 0
  },
  {
    "id": "15fb3fe9-9e8a-4e84-8fb1-ed18d717468a",
    "data": [
      {
        "text": "지원 자격",
        "meta": "@note",
        "alias": "note",
        "userDefined": false
      }
    ],
    "isTemplate": false,
    "count": 0,
    "lang": "en",
    "updated": 0
  },
  {
    "id": "c8b39d37-95b8-4f40-b7c1-02f7ac39732f",
    "data": [
      {
        "text": "지원자격",
        "meta": "@note",
        "alias": "note",
        "userDefined": false
      }
    ],
    "isTemplate": false,
    "count": 0,
    "lang": "en",
    "updated": 0
  },
  {
    "id": "3e355295-abf0-4bab-bf86-eb79735ad345",
    "data": [
      {
        "text": "유의 사항",
        "meta": "@note",
        "alias": "note",
        "userDefined": false
      }
    ],
    "isTemplate": false,
    "count": 0,
    "lang": "en",
    "updated": 0
  },
  {
    "id": "01b7bcf3-45f5-4212-bd51-a7a3a0cfd5b8",
    "data": [
      {
        "text": "지원",
        "userDefined": false
      }
    ],
    "isTemplate": false,
    "count": 1,
    "lang": "en",
    "updated": 0
  },
  {
    "id": "b49ede5e-5fde-4214-8ea4-42fb9ecab36c",
    "data": [
      {
        "text": "지원자격 유의사항",
        "meta": "@note",
        "alias": "note",
        "userDefined": false
      }
    ],
    "isTemplate": false,
    "count": 0,
    "lang": "en",
    "updated": 0
  }
]