[
  {
    "id": "ca512575-8915-4e9b-bb8e-d30a021d475c",
    "data": [
      {
        "text": "학교생기부",
        "meta": "@records",
        "alias": "records",
        "userDefined": true
      }
    ],
    "isTemplate": false,
    "count": 0,
    "lang": "en",
    "updated": 0
  },
  {
    "id": "0ba3ca87-f9d0-42e4-a3c5-e27dc6298ca6",
    "data": [
      {
        "text": "학교 생기부",
        "meta": "@records",
        "alias": "records",
        "userDefined": true
      }
    ],
    "isTemplate": false,
    "count": 1,
    "lang": "en",
    "updated": 0
  },
  {
    "id": "0276b3f6-7bef-4893-9673-3a98824f122e",
    "data": [
      {
        "text": "학교 생활 기록부",
        "meta": "@records",
        "alias": "records",
        "userDefined": false
      }
    ],
    "isTemplate": false,
    "count": 0,
    "lang": "en",
    "updated": 0
  },
  {
    "id": "a73e9e01-b02d-43ca-8e51-d1abe4061606",
    "data": [
      {
        "text": "생활기록부",
        "meta": "@records",
        "alias": "records",
        "userDefined": false
      }
    ],
    "isTemplate": false,
    "count": 0,
    "lang": "en",
    "updated": 0
  },
  {
    "id": "eec790b1-5dd7-4b87-80bf-053670eb0257",
    "data": [
      {
        "text": "생기부",
        "meta": "@records",
        "alias": "records",
        "userDefined": false
      },
      {
        "text": " 알려줘",
        "userDefined": false
      }
    ],
    "isTemplate": false,
    "count": 0,
    "lang": "en",
    "updated": 0
  },
  {
    "id": "5b2fd316-200a-4dc1-8377-1f7a6aca94f4",
    "data": [
      {
        "text": "생기부",
        "meta": "@records",
        "alias": "records",
        "userDefined": false
      }
    ],
    "isTemplate": false,
    "count": 0,
    "lang": "en",
    "updated": 0
  },
  {
    "id": "271a3720-50c8-4b33-93cc-79d638d71736",
    "data": [
      {
        "text": "학교생활기록부",
        "meta": "@records",
        "alias": "records",
        "userDefined": false
      }
    ],
    "isTemplate": false,
    "count": 0,
    "lang": "en",
    "updated": 0
  }
]