[
  {
    "id": "ce529714-748b-4fc4-8bc7-790cb1c6428b",
    "data": [
      {
        "text": "모집",
        "meta": "@recruitment",
        "alias": "recruitment",
        "userDefined": false
      }
    ],
    "isTemplate": false,
    "count": 0,
    "lang": "en",
    "updated": 0
  },
  {
    "id": "b684477a-26d8-41cb-8e50-5eba5c9a8687",
    "data": [
      {
        "text": "몇 명",
        "meta": "@recruitment",
        "alias": "recruitment",
        "userDefined": false
      },
      {
        "text": " 이야",
        "userDefined": false
      }
    ],
    "isTemplate": false,
    "count": 0,
    "lang": "en",
    "updated": 0
  },
  {
    "id": "e95f2cba-86d6-4866-ae93-307826c0c7fb",
    "data": [
      {
        "text": "정원",
        "meta": "@recruitment",
        "alias": "recruitment",
        "userDefined": false
      }
    ],
    "isTemplate": false,
    "count": 0,
    "lang": "en",
    "updated": 0
  },
  {
    "id": "25dde0ab-0ac3-440e-b0f7-c85c88235928",
    "data": [
      {
        "text": "모집인원",
        "meta": "@recruitment",
        "alias": "recruitment",
        "userDefined": false
      }
    ],
    "isTemplate": false,
    "count": 0,
    "lang": "en",
    "updated": 0
  }
]