[
  {
    "id": "bcc4decc-0382-4320-8137-3d0d573186fb",
    "data": [
      {
        "text": "수능",
        "meta": "@SAT",
        "alias": "sat",
        "userDefined": false
      }
    ],
    "isTemplate": false,
    "count": 0,
    "lang": "en",
    "updated": 0
  },
  {
    "id": "0f0ffa34-8c88-4f1f-88ac-f3238eb173ea",
    "data": [
      {
        "text": "대학수학능력시험",
        "meta": "@SAT",
        "alias": "sat",
        "userDefined": false
      }
    ],
    "isTemplate": false,
    "count": 0,
    "lang": "en",
    "updated": 0
  }
]