[
  {
    "id": "f7474212-f127-4c78-a8d3-7fd27469a8ab",
    "data": [
      {
        "text": "전형 일정",
        "meta": "@schedule",
        "alias": "schedule",
        "userDefined": false
      },
      {
        "text": " 알려줘",
        "userDefined": false
      }
    ],
    "isTemplate": false,
    "count": 0,
    "lang": "en",
    "updated": 0
  },
  {
    "id": "c291571d-0100-4007-ba92-f146217c0cca",
    "data": [
      {
        "text": "전형일정",
        "meta": "@schedule",
        "alias": "schedule",
        "userDefined": false
      }
    ],
    "isTemplate": false,
    "count": 0,
    "lang": "en",
    "updated": 0
  },
  {
    "id": "c987acf2-92f3-46b9-8df5-a637fcc41d98",
    "data": [
      {
        "text": "전형 일정",
        "meta": "@schedule",
        "alias": "schedule",
        "userDefined": false
      }
    ],
    "isTemplate": false,
    "count": 0,
    "lang": "en",
    "updated": 0
  },
  {
    "id": "76c61dff-bb64-4962-a978-fc92ce9b828d",
    "data": [
      {
        "text": "일정",
        "meta": "@schedule",
        "alias": "schedule",
        "userDefined": false
      },
      {
        "text": " 궁금해",
        "userDefined": false
      }
    ],
    "isTemplate": false,
    "count": 0,
    "lang": "en",
    "updated": 0
  },
  {
    "id": "e70a8ffe-2795-43da-af6a-1930c877c1ba",
    "data": [
      {
        "text": "일정",
        "meta": "@schedule",
        "alias": "schedule",
        "userDefined": false
      },
      {
        "text": "에 대해 알려줘",
        "userDefined": false
      }
    ],
    "isTemplate": false,
    "count": 0,
    "lang": "en",
    "updated": 0
  },
  {
    "id": "80fd57de-875f-49eb-b74b-bde64e9ffc85",
    "data": [
      {
        "text": "스케쥴",
        "meta": "@schedule",
        "alias": "schedule",
        "userDefined": false
      }
    ],
    "isTemplate": false,
    "count": 0,
    "lang": "en",
    "updated": 0
  }
]