[
  {
    "id": "b129b6c1-117c-4b88-80fa-f6d7dd96f1ce",
    "data": [
      {
        "text": "특성화고교 동일계열 기준학과",
        "meta": "@special_major",
        "alias": "special_major",
        "userDefined": false
      }
    ],
    "isTemplate": false,
    "count": 0,
    "lang": "en",
    "updated": 0
  },
  {
    "id": "822db0b5-14fe-477f-8b9a-7f04a70d33f8",
    "data": [
      {
        "text": "동일 계열",
        "meta": "@special_major",
        "alias": "special_major",
        "userDefined": false
      },
      {
        "text": " 알려줘",
        "userDefined": false
      }
    ],
    "isTemplate": false,
    "count": 0,
    "lang": "en",
    "updated": 0
  },
  {
    "id": "0704ed5e-ba7e-4662-89cb-c43a06e12a68",
    "data": [
      {
        "text": "동일계열 기준학과",
        "meta": "@special_major",
        "alias": "special_major",
        "userDefined": false
      },
      {
        "text": " 알려줘",
        "userDefined": false
      }
    ],
    "isTemplate": false,
    "count": 0,
    "lang": "en",
    "updated": 0
  },
  {
    "id": "bf75bf1e-4c19-404c-a79d-e8bfd9f8d180",
    "data": [
      {
        "text": "동일계열 기준학과",
        "meta": "@special_major",
        "alias": "special_major",
        "userDefined": false
      },
      {
        "text": " 보여줘",
        "userDefined": false
      }
    ],
    "isTemplate": false,
    "count": 0,
    "lang": "en",
    "updated": 0
  },
  {
    "id": "c0d329f3-6353-47ea-bea1-754d786be726",
    "data": [
      {
        "text": "특성화고 ",
        "userDefined": false
      },
      {
        "text": "동일계열",
        "meta": "@special_major",
        "alias": "special_major",
        "userDefined": false
      }
    ],
    "isTemplate": false,
    "count": 0,
    "lang": "en",
    "updated": 0
  },
  {
    "id": "ba782de1-dd10-47d7-bbfe-ca8d82081efe",
    "data": [
      {
        "text": "동일 계열",
        "meta": "@special_major",
        "alias": "special_major",
        "userDefined": false
      },
      {
        "text": " 보여줘",
        "userDefined": false
      }
    ],
    "isTemplate": false,
    "count": 0,
    "lang": "en",
    "updated": 0
  },
  {
    "id": "19b57dcc-20f0-4354-b6c9-c8babf1455b8",
    "data": [
      {
        "text": "기준학과",
        "meta": "@special_major",
        "alias": "special_major",
        "userDefined": false
      },
      {
        "text": " 알려줘",
        "userDefined": false
      }
    ],
    "isTemplate": false,
    "count": 0,
    "lang": "en",
    "updated": 0
  },
  {
    "id": "3bad9d9d-dc76-4df8-bbc1-fee708b5eaac",
    "data": [
      {
        "text": "동일계열",
        "meta": "@special_major",
        "alias": "special_major",
        "userDefined": false
      },
      {
        "text": " 보여줘",
        "userDefined": false
      }
    ],
    "isTemplate": false,
    "count": 0,
    "lang": "en",
    "updated": 0
  }
]