[
  {
    "id": "25497b80-c611-42d8-9c51-51c9e3905d2e",
    "data": [
      {
        "text": "특수 전형",
        "meta": "@special",
        "alias": "special",
        "userDefined": false
      }
    ],
    "isTemplate": false,
    "count": 0,
    "lang": "en",
    "updated": 0
  },
  {
    "id": "d6fd180c-d77c-4acc-9911-3b4002dfc156",
    "data": [
      {
        "text": "특수 교육 대상자",
        "meta": "@special",
        "alias": "special",
        "userDefined": false
      }
    ],
    "isTemplate": false,
    "count": 0,
    "lang": "en",
    "updated": 0
  },
  {
    "id": "c3677385-2e57-49be-8a3a-d00d56284b6e",
    "data": [
      {
        "text": "특수",
        "meta": "@special",
        "alias": "special",
        "userDefined": true
      }
    ],
    "isTemplate": false,
    "count": 0,
    "lang": "en",
    "updated": 0
  }
]