[
  {
    "id": "1460d3a9-80d4-474c-93a6-cf60b3c8b020",
    "data": [
      {
        "text": "논술 전형",
        "meta": "@essay",
        "alias": "essay",
        "userDefined": false
      }
    ],
    "isTemplate": false,
    "count": 0,
    "lang": "en",
    "updated": 0
  },
  {
    "id": "9ce51381-88f5-4c59-a0c2-ad3867fb0ded",
    "data": [
      {
        "text": "논술전형",
        "meta": "@essay",
        "alias": "essay",
        "userDefined": false
      }
    ],
    "isTemplate": false,
    "count": 0,
    "lang": "en",
    "updated": 0
  },
  {
    "id": "895ab279-2c22-4710-b6ec-23776ef37f12",
    "data": [
      {
        "text": "논술",
        "meta": "@essay",
        "alias": "essay",
        "userDefined": false
      }
    ],
    "isTemplate": false,
    "count": 0,
    "lang": "en",
    "updated": 0
  }
]