[
  {
    "id": "d7cdab0b-5985-4f58-8847-b6dd2e0791d8",
    "data": [
      {
        "text": "수시 알려줘",
        "userDefined": false
      }
    ],
    "isTemplate": false,
    "count": 0,
    "lang": "en",
    "updated": 0
  },
  {
    "id": "e7c2b1c6-ade8-4703-a9ab-03b4c5119855",
    "data": [
      {
        "text": "수시전형",
        "userDefined": false
      }
    ],
    "isTemplate": false,
    "count": 0,
    "lang": "en",
    "updated": 0
  },
  {
    "id": "eba76ca6-c6d6-41cf-80ad-fc1f3774e148",
    "data": [
      {
        "text": "수시",
        "userDefined": false
      }
    ],
    "isTemplate": false,
    "count": 0,
    "lang": "en",
    "updated": 0
  }
]