[
  {
    "id": "e5c97cac-74ab-4e55-b37c-38bf44a86b27",
    "data": [
      {
        "text": "재직자 전형",
        "meta": "@incumbent",
        "alias": "incumbent",
        "userDefined": false
      }
    ],
    "isTemplate": false,
    "count": 0,
    "lang": "en",
    "updated": 0
  },
  {
    "id": "d99b6c5c-2f87-4aa3-9746-f2d088b69a75",
    "data": [
      {
        "text": "재직자",
        "meta": "@incumbent",
        "alias": "incumbent",
        "userDefined": false
      }
    ],
    "isTemplate": false,
    "count": 0,
    "lang": "en",
    "updated": 0
  }
]