[
  {
    "id": "279287e1-50ea-4fc6-92ae-d8e09f4b1bfb",
    "data": [
      {
        "text": "실기 전형",
        "meta": "@performance",
        "alias": "performance",
        "userDefined": false
      }
    ],
    "isTemplate": false,
    "count": 0,
    "lang": "en",
    "updated": 0
  },
  {
    "id": "92fe17f5-dc8f-4202-863a-8466b4495816",
    "data": [
      {
        "text": "실기",
        "meta": "@performance",
        "alias": "performance",
        "userDefined": false
      }
    ],
    "isTemplate": false,
    "count": 0,
    "lang": "en",
    "updated": 0
  }
]