[
  {
    "id": "991fa158-ae1f-4780-adc7-cbb99c329243",
    "data": [
      {
        "text": "고른 기회 통합",
        "meta": "@regular_chance",
        "alias": "regular_chance",
        "userDefined": false
      },
      {
        "text": " 전형",
        "userDefined": false
      }
    ],
    "isTemplate": false,
    "count": 0,
    "lang": "en",
    "updated": 0
  },
  {
    "id": "0bf4a508-cad8-42e4-9140-04053844676b",
    "data": [
      {
        "text": "고른기회 통합",
        "meta": "@regular_chance",
        "alias": "regular_chance",
        "userDefined": false
      }
    ],
    "isTemplate": false,
    "count": 0,
    "lang": "en",
    "updated": 0
  },
  {
    "id": "8de1de70-bc56-4c52-a8ab-bb94b9da7455",
    "data": [
      {
        "text": "고른 기회",
        "meta": "@regular_chance",
        "alias": "regular_chance",
        "userDefined": false
      },
      {
        "text": " ",
        "userDefined": false
      },
      {
        "text": "대상자",
        "meta": "@regular_chance",
        "alias": "regular_chance",
        "userDefined": true
      }
    ],
    "isTemplate": false,
    "count": 0,
    "lang": "en",
    "updated": 0
  },
  {
    "id": "208f7727-e4c6-4548-af58-191005e598c6",
    "data": [
      {
        "text": "고른기회",
        "meta": "@regular_chance",
        "alias": "regular_chance",
        "userDefined": false
      }
    ],
    "isTemplate": false,
    "count": 0,
    "lang": "en",
    "updated": 0
  }
]