[
  {
    "id": "aabe68c9-074e-4816-ba2c-8e76425ba4f3",
    "data": [
      {
        "text": "두 드림 소프트",
        "meta": "@dodream_soft",
        "alias": "dodream_soft",
        "userDefined": false
      },
      {
        "text": " 전형",
        "userDefined": false
      }
    ],
    "isTemplate": false,
    "count": 0,
    "lang": "en",
    "updated": 0
  },
  {
    "id": "6c9e2fa6-55d4-43e5-80b8-ba4effa2040b",
    "data": [
      {
        "text": "do dream soft",
        "meta": "@dodream_soft",
        "alias": "dodream_soft",
        "userDefined": false
      }
    ],
    "isTemplate": false,
    "count": 0,
    "lang": "en",
    "updated": 0
  },
  {
    "id": "caaf78f9-b177-4b46-b181-6a0401bc7c8a",
    "data": [
      {
        "text": "dodreamsoft",
        "meta": "@dodream_soft",
        "alias": "dodream_soft",
        "userDefined": true
      }
    ],
    "isTemplate": false,
    "count": 0,
    "lang": "en",
    "updated": 0
  },
  {
    "id": "342a07d4-7256-43a3-8b48-c4920b964cc4",
    "data": [
      {
        "text": "dodream soft",
        "meta": "@dodream_soft",
        "alias": "dodream_soft",
        "userDefined": false
      }
    ],
    "isTemplate": false,
    "count": 0,
    "lang": "en",
    "updated": 0
  },
  {
    "id": "f5d74aa7-72bd-4680-b06c-910a601b9619",
    "data": [
      {
        "text": "두드림소프트",
        "meta": "@dodream_soft",
        "alias": "dodream_soft",
        "userDefined": false
      }
    ],
    "isTemplate": false,
    "count": 0,
    "lang": "en",
    "updated": 0
  },
  {
    "id": "572d4e6c-c13c-4dc3-bd9d-6af759766b36",
    "data": [
      {
        "text": "두드림 소프트",
        "meta": "@dodream_soft",
        "alias": "dodream_soft",
        "userDefined": false
      }
    ],
    "isTemplate": false,
    "count": 0,
    "lang": "en",
    "updated": 0
  }
]