[
  {
    "id": "201ac3c0-0956-4599-914c-8d0c180bc896",
    "data": [
      {
        "text": "불교 추천인재",
        "meta": "@buddhism",
        "alias": "buddhism",
        "userDefined": false
      }
    ],
    "isTemplate": false,
    "count": 0,
    "lang": "en",
    "updated": 0
  },
  {
    "id": "98759a24-a1aa-46ed-aeb1-45e2f920fdb2",
    "data": [
      {
        "text": "불교 인재 추천",
        "meta": "@buddhism",
        "alias": "buddhism",
        "userDefined": true
      }
    ],
    "isTemplate": false,
    "count": 0,
    "lang": "en",
    "updated": 0
  },
  {
    "id": "8de6b9eb-af14-44a2-8ae1-a9235fafd7dd",
    "data": [
      {
        "text": "불교 인재",
        "meta": "@buddhism",
        "alias": "buddhism",
        "userDefined": false
      }
    ],
    "isTemplate": false,
    "count": 0,
    "lang": "en",
    "updated": 0
  },
  {
    "id": "6b9b91da-f738-46bc-b1f8-140c2d9a5fc1",
    "data": [
      {
        "text": "불교 전형",
        "meta": "@buddhism",
        "alias": "buddhism",
        "userDefined": false
      }
    ],
    "isTemplate": false,
    "count": 0,
    "lang": "en",
    "updated": 0
  },
  {
    "id": "1daf5565-3622-4795-8918-678f7271bc3b",
    "data": [
      {
        "text": "불교",
        "meta": "@buddhism",
        "alias": "buddhism",
        "userDefined": false
      }
    ],
    "isTemplate": false,
    "count": 0,
    "lang": "en",
    "updated": 0
  }
]