[
  {
    "id": "9e79d60e-d864-4c1c-9f6e-8af015577ccb",
    "data": [
      {
        "text": "학교장 인재 전형",
        "meta": "@principal",
        "alias": "principal",
        "userDefined": true
      }
    ],
    "isTemplate": false,
    "count": 0,
    "lang": "en",
    "updated": 0
  },
  {
    "id": "080b7db3-ad85-423c-bad8-ddce75faa3d4",
    "data": [
      {
        "text": "학교장 추천인재",
        "meta": "@principal",
        "alias": "principal",
        "userDefined": true
      }
    ],
    "isTemplate": false,
    "count": 0,
    "lang": "en",
    "updated": 0
  },
  {
    "id": "dc1bac06-93ea-4d72-9daf-45a0f88e9eb2",
    "data": [
      {
        "text": "학교장 추천",
        "meta": "@principal",
        "alias": "principal",
        "userDefined": false
      }
    ],
    "isTemplate": false,
    "count": 0,
    "lang": "en",
    "updated": 0
  },
  {
    "id": "9ffb1eaa-bebf-465a-b0db-0b791392da85",
    "data": [
      {
        "text": "학교장",
        "meta": "@principal",
        "alias": "principal",
        "userDefined": false
      }
    ],
    "isTemplate": false,
    "count": 0,
    "lang": "en",
    "updated": 0
  }
]