[
  {
    "id": "b33ee5de-781a-4e35-bbb2-a5e96f9f41f3",
    "data": [
      {
        "text": "두드림전형",
        "meta": "@dodream",
        "alias": "dodream",
        "userDefined": false
      }
    ],
    "isTemplate": false,
    "count": 0,
    "lang": "en",
    "updated": 0
  },
  {
    "id": "fa3d9e3f-e212-4e56-8779-606eec994ea9",
    "data": [
      {
        "text": "do dream",
        "meta": "@dodream",
        "alias": "dodream",
        "userDefined": false
      }
    ],
    "isTemplate": false,
    "count": 0,
    "lang": "en",
    "updated": 0
  },
  {
    "id": "9ed3bd4a-692d-488e-9687-40d7e0c3906c",
    "data": [
      {
        "text": "dodream",
        "meta": "@dodream",
        "alias": "dodream",
        "userDefined": false
      }
    ],
    "isTemplate": false,
    "count": 0,
    "lang": "en",
    "updated": 0
  },
  {
    "id": "b5075769-afaa-4aef-ab71-b92b8faf15c3",
    "data": [
      {
        "text": "두 드림",
        "meta": "@dodream",
        "alias": "dodream",
        "userDefined": false
      }
    ],
    "isTemplate": false,
    "count": 0,
    "lang": "en",
    "updated": 0
  },
  {
    "id": "576bf102-6a0b-4d70-8464-3ddc80cc7d64",
    "data": [
      {
        "text": "두드림",
        "meta": "@dodream",
        "alias": "dodream",
        "userDefined": false
      }
    ],
    "isTemplate": false,
    "count": 0,
    "lang": "en",
    "updated": 0
  }
]