[
  {
    "id": "396b7d91-3e08-4d08-b88e-7706bddce7a6",
    "data": [
      {
        "text": "아코",
        "meta": "@sys.ignore",
        "userDefined": false
      }
    ],
    "isTemplate": false,
    "count": 0,
    "lang": "en",
    "updated": 0
  },
  {
    "id": "2176085d-cc03-4d8e-842d-8ee8627db1f8",
    "data": [
      {
        "text": "챗봇",
        "userDefined": false
      }
    ],
    "isTemplate": false,
    "count": 0,
    "lang": "en",
    "updated": 0
  },
  {
    "id": "007ace24-863e-446e-90a2-809814d5da60",
    "data": [
      {
        "text": "아코봇",
        "userDefined": false
      }
    ],
    "isTemplate": false,
    "count": 0,
    "lang": "en",
    "updated": 0
  },
  {
    "id": "42dca8cc-7740-49e5-ad79-a207b6f12e28",
    "data": [
      {
        "text": "야",
        "userDefined": false
      }
    ],
    "isTemplate": false,
    "count": 0,
    "lang": "en",
    "updated": 0
  }
]