school_key,field,document,condition_text,elseData,point,test,level,else_data,fname,dname
11111,earlyadmission,earlyadmission_buddhism,"국내/외 고교 졸업(예정)자 또는 법령에 의하여 이와 동등 이상의 학력이 있다고 인정되는 자(외국 검정고시 합격자 제외) 일반학과는 대한불교 조계종 산하 사찰(포교당 포함) 주지스님 혹은 소속(졸업) 종립고등학교장의 추천을 받은 자 불교학과와 문화재학과는 대한불교조계종 재적 승려(2023년 9월 및 2024년 3월 승적 취득예정자 지원 가능)","""","1단계 에서는 2/3배수 인원을 서류종합평가 100%로 뽑고, 2단계에서는 1단계 성적의 70%와 면접 30%로 합격자를 뽑아.","수능 최저 학력기준은 적용하지 않아!",3,NULL,수시,불교추천
11111,earlyadmission,"earlyadmission_dodream ","국내/외 고교 졸업(예정)자 또는 법령에 의하여 이와 동등 이상의 학력이 있다고 인정되는 자(외국 검정고시 합격자 제외)","""","1단계 에서는 3.5/4배수 인원을 서류종합평가 100%로 뽑고, 2단계에서는 1단계 성적의 70%와 면접 30%로 합격자를 뽑아.","수능 최저 학력기준은 적용하지 않아!",3,NULL,수시,두드림
11111,earlyadmission,"earlyadmission_dodreamsoft ","국내/외 고교 졸업(예정)자 또는 법령에 의하여 이와 동등 이상의 학력이 있다고 인정되는 자(외국 검정고시 합격자 제외)","""","1단계에서는 2.5배수 인원을 서류종합평가 100%로 뽑고, 2단계에서는 1단계 성적의 70%와 면접 평가 30%로 합격자를 뽑아.","수능 최저 학력기준은 적용하지 않아!",3,NULL,수시,두드림소프트웨어
11111,earlyadmission,earlyadmission_essay,"국내/외 고교 졸업(예정)자 또는 법령에 의하여 이와 동등 이상의 학력이 있다고 인정되는자(외국 검정고시 합격자 제외)로서 우리대학이 요구하는 해당연도 대학수학능력시험 최저학력기준을 갖춘 자","""","학생부교과 20%, 출결 10%, 논술 70%로 바로 합격자를 뽑아.","수능 최저 학력기준을 적용해! 인문계열 : 국어/수학/영어/탐구 중 2개 영역 등급 합 5 이내, 한국사 4등급 이내 경찰행정학부(인문/자연) : 국어/수학/영어/탐구 중 2개 영역 등급 합 4 이내, 한국사 4등급 이내 자연계열 : 국어/수학/영어/과학탐구 중 2개 영역 등급 합 5 이내, 한국사 4등급 이내 (단, 등급 합 산정 시 수학 또는 과학탐구 1개 이상 포함) 약학과 : 국어/수학/영어/과학탐구 중 3개 영역 등급 합 4 이내, 한국사 4등급 이내 (단, 등급 합 산정 시 수학 또는 과학탐구 1개 이상 포함) AI소프트웨어융합학부(인문): 국어/수학/영어/탐구 중 2개 영역 등급 합 5 이내, 한국사 4등급 이내 (단, 등급 합 산정 시 수학 포함) AI소프트웨어융합학부(자연): 국어/수학/영어/과학탐구 중 2개 영역 등급 합 5 이내, 한국사 4등급 이내 (단, 등급 합 산정 시 수학 포함) 국어 및 수학영역 선택과목 지정은 없고, 탐구 영역은 2개 과목중 상위 1개만 반영해!",3,NULL,수시,논술
11111,earlyadmission,earlyadmission_incumbent,"아래 중 하나에 해당하는 자로서 산업체 근무경력이 통산 3년 이상인 재직자","""","서류형은 학생부교과 70%와 서류종합평가 30%로 합격자를 뽑아. 면접형은 1단계에서 2.5배수를 학생부교과 100%로 선발하고 2단계에서는 면접 30%와 1단계 성적 70%로 합격자를 뽑아.","수능 최저 학력 기준은 적용하지 않아!",3,NULL,수시,재직자
11111,earlyadmission,earlyadmission_performance,"국내/외 고교 졸업(예정)자 또는 법령에 의하여 이와 동등 이상의 학력이 있다고 인정되는 자(외국 검정고시 합격자 제외) \n연극학부 특기형은 다음 어느 하나 이상의 실적이 있는 자여야 해. \n 유형1: 연극, 뮤지컬, 영화, 방송 관련 분야 주 조연급 경력자(CF포함) \n 유형2: 공식음반을 발표하고 방송 가요 프로그램 출연 경력이 있는 자 \n 유형3: 기타 연극, 뮤지컬, 영화, 방송 관련 분야에서 활동 중인 자로서 우리 대학 실적심사 위원회에서 인정할 만한 경력이 있는 자","""","전형방법 및 실기고사 내용이 학부별로 다양해! (국어국문 문예창작부, 체육교육과, 미술학부, 한국음악과, 연극학부-실기형, 연극학부-특기형, 스포츠문화학과","수능 최저 학력 기준은 적용하지 않아!",3,NULL,수시,실기
11111,earlyadmission,earlyadmission_principal,"국내 고교 졸업(예정)자로서 소속(졸업) 고등학교장의 추천을 받은 자이며","""","학생부 교과 70%, 서류종합평가 30%로 바로 합격자를 뽑아.","수능 최저 학력 기준은 적용하지 않아!",3,NULL,수시,학교장추천
11111,earlyadmission,earlyadmission_query,NULL,"아래 전형 중에서 무슨 전형이 궁금한지 말해줘!\n[두드림] , [두드림소프트웨어] , [불교추천인재] , [고른기회통합] , [특수교육대상자] , [재직자] , [학교장추천인재] , [논술] , [실기]",NULL,NULL,3,NULL,수시,수시
11111,earlyadmission,earlyadmission_regular,"국가보훈 대상자는 국내/외 고교 졸업(예정)자 또는 법령에 의하여 이와 동등 이상의 학력이 있다고 인정되는 자로서, 국가보훈 기본법 제3조 제2호의 '국가보훈대상자'로서 국가보훈 관계 법령에 따른 교육지원 대상자\n 농어촌학생은 농어촌 지역 또는 「도서・벽지 교육진흥법」 제2조에 따른 도서・벽지의 고등학교 졸업(예정)자로서 유형 2가지중 하나에 해당하는자 \n 유형 1: <농어촌지역> 중·고등학교에서 중학교 입학일부터 고등학교 졸업(예정)일까지 전 교육과정을 연속으로 이수(예정)하고, 6년 동안 부·모·학생 모두가 <농어촌지역>에 거주한 자 \n 유형 2: <농어촌지역> 초·중·고등학교에서 초등학교 입학일부터 고등학교 졸업(예정)일까지 전 교육과정을 연속으로 이수(예정)하고, 12년 동안 학생이 <농어촌지역>에 거주한 자 특성화고교 졸업자는 특성화고등학교 졸업(예정)자로서 고교 이수 과와 우리대학 지원 모집단위가 동일계열인 자\n 기초생활 수급자 및 차상위계층은 국내ㆍ외 고교 졸업(예정)자 또는 법령에 의하여 이와 동등 이상의 학력이 있다고 인정되는 자로서 원서 마감일 기준 아래 중 하나에 해당하는 자 \n ⑴ 「국민기초생활보장법」 제2조 제1호에 따른 수급권자 \n ⑵ 「국민기초생활보장법」 제2조 제10호에 따른 차상위계층 \n ⑶ 「한부모가족지원법」 제5조 및 제5조의2에 따른 지원 대상자 \n 서해5도 학생은 '서해5도 지원 특별법' 제 15조 및 '서해5도 지원 특별법 시행령' 제 11조에 따라 서해5도에 설립된 고등학교 졸업 (예정)자로서, 다음의 유형 중 하나에 해당하는 자 \n 유형 1: <서해5도>에 설립된 중고등학교에서 중학교 입학일로부터 고등학교 졸업(예정)일까지 전교육과정을 이수(예정)하고, 6년 동안 부, 모, 학생 모두가 <서해5도>에 거주한 자 \n 유형 2: <서해5도>에 설립된 초중고등학교에서 초등학교 입학일로부터 고등학교 졸업 (예정)일까지 전 교육과정을 이수(예정)하고, 12년 동안 학생이 <서해5도>에 거주한 자 자립지원대상자는 국내ㆍ외 고교 졸업(예정)자 또는 법령에 의하여 이와 동등 이상의 학력이 있다고 인정되는 자로서, 원서 접수 마감일 기준, 다음의 아동복지법 시행령 제 38조 제 2항에 해당하는 자 \n 유형 1: 대리양육 또는 가정위탁보호 중인 아동 \n 유형 2: 아동복지시설에서 보호 중인 아동 \n 유형 3: 아동복지법 제 16조에 따라 보호조치가 종료되거나 해당 시설에서 퇴소한 지 5년이 지나지 않은 아동","""","1단계에서는 5배수 인원을 서류종합평가 100%로 뽑고, 2단계에서는 1단계성적의 70%와 면접 평가 30%로 합격자를 뽑아.","수능 최저 학력기준은 적용하지 않아!",3,NULL,수시,고른기회
11111,earlyadmission,earlyadmission_special,"국내/외 고교 졸업(예정)자 또는 법령에 의하여 이와 동등 이상의 학력이 있다고 인정되는 자(외국 검정고시 합격자 제외)로서 원서 접수 마감일 기준 아래 중 하나에 해당하는 자","""","1단계에서는 5배수 인원을 서류종합평가 100%로 뽑고, 2단계에서는 1단계성적의 70%와 면접 평가 30%로 합격자를 뽑아.","수능 최저 학력 기준은 적용하지 않아!",3,NULL,수시,특수교육대상자
