school_key,field,document,elseData,content,level,else_data,fname,dname
11111,competition,competition_earlyadmission,"""",http://addon.jinhakapply.com/RatioV1/RatioH/Ratio10550261.html,6,NULL,작년도경쟁률,수시경쟁률
11111,competition,competition_ksat,"""",http://addon.jinhakapply.com/RatioV1/RatioH/Ratio10550241.html,6,NULL,작년도경쟁률,정시경쟁률
11111,competition,competition_query,"수시, 정시 중에서 뭐가 궁금해?",NULL,6,NULL,작년도경쟁률,작년도경쟁률
11111,fallback,fallback_default,"""",,11,NULL,"잘못된 입력","잘못된 입력"
11111,foreign,foreign_detail,"""","재외국민 전형에서는 재외국민과 12년 해외 전교육과정 이수자 및 새터민인 경우 해당하고 인문계열/영화영상학과에서는 1단계 국어 50%, 영어 50%로 6배수를 뽑고 2단계에서는 1단계 성적으로 지원자격심사릃 진행해. 그리고 자연계열에서는 1단계 영어 50%, 수학 50%로 6배수를 뽑고 2단계에서는 1단계 성적으로 지원자격심사를 진행해. 외국인 전형은 부모 모두 외국인인 경우에 대항하고 인문/자연/예능(영화영상)에서는 서류종합평가 100%, 예능(미술/연극)에서는 실기구술 100%로 뽑아",8,NULL,외국인특별전형,외국인특별전형
11111,note,note_farming,"""",https://drive.google.com/file/d/12iSGvGhQEjTwmMXxvkFz4bjJt91hBPP-/view?usp=sharing,7,NULL,지원자격유의사항,농어촌학생재학거주인정기준
11111,note,note_incumbent,"""",https://drive.google.com/file/d/1TqJG7vaf7W2s_zKQMf-SVCzrC0lweeq8/view?usp=sharing,7,NULL,지원자격유의사항,재직기간산정기준
11111,note,note_query,"아래에서 궁금한 것을 말해줘!\n[농어촌학생 재학 거주 인정기준], [특성화고교 동일계열 기준학과], [재직기간 산정기준]",NULL,7,NULL,지원자격유의사항,지원자격유의사항
11111,note,note_special,"""",https://drive.google.com/file/d/14GPTtDOS53p9I_Za0rOEJLxCJF8kmjND/view?usp=sharing,7,NULL,지원자격유의사항,특성화고교졸업자동일계열기준학과
11111,recruit,recruit_doc,"""",https://drive.google.com/file/d/1uPzcfZ4xu29cUXBLZDSMP2dv8pnp25zj/view?usp=sharing,5,NULL,모집인원,모집인원
11111,schedule,schedule_earlyadmission,"""",https://drive.google.com/file/d/1aEO8CJNEKbZgPGgGuXJBdKOGGJFPzn0t/view?usp=sharing,10,NULL,전형일정,수시일정
11111,schedule,schedule_foreigner,"""",https://drive.google.com/file/d/1aEO8CJNEKbZgPGgGuXJBdKOGGJFPzn0t/view?usp=sharing,10,NULL,전형일정,재외국민/외국인일정
11111,schedule,schedule_ksat,"""",https://drive.google.com/file/d/1aEO8CJNEKbZgPGgGuXJBdKOGGJFPzn0t/view?usp=sharing,10,NULL,전형일정,정시일정
11111,total,total_doc,"""",https://drive.google.com/file/d/1uv57JfULCoU4DtWPyS0xvdJtfxK6OR_e/view?usp=sharing,2,NULL,전체모집요강,전체모집요강
