school_key,field,document,condition_text,elseData,point,level,else_data,fname,dname
11111,ksat,ksat_basic,"국내/외 고교 졸업(예정)자 또는 법령에 의하여 이와 동등 이상의 학력이 있다고 인정되는 자(외국 검정고시 합격자 제외)로서 우리대학 모집단위별로 요구하는 해당연도 대학수학능력시험 반영영역에 응시하여 성적을 취득한 자","""","인문계열 / 자연계열 / 영화영상학과는 수능 100%로 바로 합격자를 뽑아! 체육교육과 / 조소 전공은 수능 60% 실기 40%로 바로 합격자를 뽑아!",4,NULL,정시,기초생활수급자및차상위계층
11111,ksat,ksat_farming,"농어촌 지역 또는 「도서・벽지 교육진흥법」 제2조에 따른 고등학교 졸업(예정)자로서 우리대학 모집단위별로 요구하는 해당연도 대학수학능력시험 반영영역에 응시하여 성적을 취득하고 아래 중 하나에 해당하는 자 \n [유형1] <농어촌지역> 중·고등학교에서 중학교 입학일부터 고등학교 졸업(예정)일까지 전 교육과정을 연속으로 이수(예정)하고, 6년 동안 부·모·학생 모두가 <농어촌지역>에 거주한 자\n [유형2] <농어촌지역> 초·중·고등학교에서 초등학교 입학일부터 고등학교 졸업(예정)일까지 전 교육과정 을 연속으로 이수(예정)하고, 12년 동안 학생이 <농어촌지역>에 거주한 자","""","수능 100%로 바로 합격자를 뽑아!",4,NULL,정시,농어촌전형
11111,ksat,ksat_incumbent,"아래 중 하나에 해당하는 자로서 산업체 근무경력이 통산 3년 이상인 재직자\n ⑴ 「초·중등교육법시행령」 제76조의3제1호에 따른 일반고등학교에서 재학하는 동안 시도 교육감이 「직업교육훈련 촉진법」에 따른 직업교육훈련기관 중 직업교육훈련 위탁기관으로 선정한 기관에서 1년 이상의 직업교육훈련과정을 이수하고 해당 일반고등학교를 졸업한 자\n ⑵ 「초·중등교육법시행령」 제90조제1항제10호에 따른 산업수요 맞춤형 고등학교를 졸업한 자\n ⑶ 특성화고등학교 등을 졸업한 자\n ⑷ 「평생교육법」 제31조제2항에 따른 학력인정 평생교육시설 중 특성화고등학교 등에서 제공하는 것과 같은 교육과정을 운영하는 평생교육시설에서 해당 교육과정을 이수한 자","""","수능 최저는 적용하지 않고, 학생부 교과 70%, 서류 종합 30%로 합격자를 뽑아!",4,NULL,정시,재직자
11111,ksat,ksat_normal,"국내ㆍ외 고교 졸업(예정)자 또는 법령에 의하여 이와 동등 이상의 학력이 있다고 인정되 는 자(외국 검정고시 합격자 제외)로서 우리대학 모집단위별로 요구하는 해당연도 대학수학능력시험 반영영역에 응시하여 성적을 취득한 자","""","수능 100%로 바로 합격자를 뽑아",4,NULL,정시,일반전형
11111,ksat,ksat_query,NULL,"아래에서 궁금한 전형을 말해줘!\n[일반 전형] , [농어촌 전형] , [특성화고교 졸업자 전형] , [기초생활수급자 및 차상위계층 전형] , [재직자 전형]",NULL,4,NULL,정시,정시
11111,ksat,ksat_specialized,"특성화고등학교 졸업(예정)자로서 우리대학 모집단위별로 요구하는 해당연도 대학수학능력시험 반영영역에 응시하여 성적을 취득하고 고교 이수 과와 우리대학 지원 모집단위가 동일계열인 자","""","수능 100%로 바로 합격자를 뽑아!",4,NULL,정시,특성화고교
